lemma,pos,count,is_stopword,is_proper_noun
the,DET,219,1,0
i,PRON,141,1,0
be,AUX,135,1,0
and,CCONJ,97,1,0
a,DET,92,1,0
of,ADP,89,1,0
to,PART,74,1,0
have,AUX,70,1,0
he,PRON,62,1,0
it,PRON,60,1,0
in,ADP,56,1,0
elephant,NOUN,39,0,0
his,PRON,38,1,0
that,SCONJ,36,1,0
not,PART,31,1,0
with,ADP,30,1,0
but,CCONJ,29,1,0
an,DET,28,1,0
do,AUX,28,1,0
at,ADP,28,1,0
to,ADP,24,1,0
for,ADP,23,1,0
go,VERB,22,1,0
my,PRON,21,1,0
as,ADP,21,1,0
shoot,VERB,20,0,0
would,AUX,20,1,0
they,PRON,18,1,0
get,VERB,17,1,0
that,DET,16,1,0
if,SCONJ,14,1,0
when,SCONJ,14,1,0
on,ADP,14,1,0
see,VERB,14,1,0
rifle,NOUN,13,0,0
this,DET,12,1,0
up,ADP,12,1,0
crowd,NOUN,12,0,0
could,AUX,12,1,0
one,NUM,12,1,0
that,PRON,11,1,0
seem,VERB,11,1,0
man,NOUN,11,0,0
from,ADP,10,1,0
you,PRON,10,1,0
into,ADP,10,1,0
think,VERB,10,0,0
some,DET,10,1,0
no,DET,9,1,0
away,ADV,9,0,0
people,NOUN,9,0,0
look,VERB,9,0,0
even,ADV,9,1,0
come,VERB,9,0,0
make,VERB,8,1,0
all,DET,8,1,0
like,ADP,8,0,0
know,VERB,8,0,0
say,VERB,8,1,0
Australia,PROPN,7,0,1
which,DET,7,1,0
all,ADV,7,1,0
over,ADP,7,1,0
time,NOUN,7,0,0
face,NOUN,7,0,0
there,PRON,7,1,0
out,ADP,7,1,0
long,ADJ,7,0,0
about,ADP,7,1,0
take,VERB,7,0,0
kill,VERB,7,0,0
shot,NOUN,7,0,0
Project,PROPN,6,0,1
Gutenberg,PROPN,6,0,1
by,ADP,6,1,0
we,PRON,6,1,0
any,DET,6,1,0
way,NOUN,6,0,0
very,ADV,6,1,0
than,ADP,6,1,0
stand,VERB,6,0,0
thing,NOUN,6,0,0
their,PRON,6,1,0
every,DET,6,1,0
die,VERB,6,0,0
great,ADJ,6,0,0
want,VERB,6,0,0
Burmans,PROPN,6,0,1
hut,NOUN,6,0,0
ought,AUX,6,0,0
dead,ADJ,6,0,0
never,ADV,6,1,0
only,ADV,6,1,0
then,ADV,6,1,0
watch,VERB,6,0,0
happen,VERB,5,0,0
young,ADJ,5,0,0
distance,NOUN,5,0,0
already,ADV,5,1,0
mind,NOUN,5,0,0
against,ADP,5,1,0
do,VERB,5,1,0
who,PRON,5,1,0
down,ADP,5,1,0
what,PRON,5,1,0
old,ADJ,5,0,0
must,AUX,5,1,0
its,PRON,5,1,0
where,SCONJ,5,1,0
hear,VERB,5,0,0
body,NOUN,5,0,0
yard,NOUN,5,0,0
as,ADV,5,1,0
send,VERB,5,0,0
back,ADV,5,1,0
road,NOUN,5,0,0
thousand,NUM,5,0,0
moment,NOUN,5,0,0
two,NUM,5,1,0
white,ADJ,5,0,0
eBook,PROPN,4,0,1
notice,NOUN,4,0,0
almost,ADV,4,1,0
life,NOUN,4,0,0
town,NOUN,4,0,0
end,NOUN,4,0,0
yellow,ADJ,4,0,0
job,NOUN,4,0,0
quarter,NOUN,4,0,0
East,PROPN,4,0,1
beast,NOUN,4,0,0
something,PRON,4,1,0
upon,SCONJ,4,1,0
indian,ADJ,4,0,0
catch,VERB,4,0,0
tell,VERB,4,0,0
always,ADV,4,1,0
suddenly,ADV,4,0,0
turn,VERB,4,0,0
whole,ADJ,4,1,0
hand,NOUN,4,0,0
follow,VERB,4,0,0
mud,NOUN,4,0,0
coolie,NOUN,4,0,0
foot,NOUN,4,0,0
side,NOUN,4,1,0
five,NUM,4,1,0
feel,VERB,4,0,0
grow,VERB,4,0,0
worth,ADJ,4,0,0
there,ADV,4,1,0
copyright,NOUN,3,0,0
world,NOUN,3,0,0
before,ADP,3,1,0
or,CCONJ,3,1,0
give,VERB,3,1,0
only,ADJ,3,1,0
police,NOUN,3,0,0
woman,NOUN,3,0,0
safe,ADJ,3,0,0
so,ADV,3,1,0
another,DET,3,1,0
more,ADV,3,1,0
after,ADP,3,1,0
corner,NOUN,3,0,0
imperialism,NOUN,3,0,0
soon,ADV,3,0,0
course,NOUN,3,0,0
British,PROPN,3,0,1
can,AUX,3,1,0
clear,ADJ,3,0,0
bamboo,NOUN,3,0,0
nothing,PRON,3,1,0
still,ADV,3,1,0
well,ADJ,3,0,0
little,ADJ,3,0,0
will,NOUN,3,1,0
act,VERB,3,0,0
morning,NOUN,3,0,0
too,ADV,3,1,0
might,AUX,3,1,0
mahout,NOUN,3,0,0
now,ADV,3,1,0
destroy,VERB,3,0,0
heel,NOUN,3,0,0
child,NOUN,3,0,0
minute,NOUN,3,0,0
put,VERB,3,1,0
ground,NOUN,3,0,0
lie,VERB,3,0,0
agony,NOUN,3,0,0
skin,NOUN,3,0,0
mad,ADJ,3,0,0
merely,ADV,3,0,0
bit,NOUN,3,0,0
fun,NOUN,3,0,0
grass,NOUN,3,0,0
knee,NOUN,3,0,0
mouth,NOUN,3,0,0
least,ADJ,3,1,0
again,ADV,3,1,0
front,NOUN,3,1,0
own,ADJ,3,1,0
sahib,NOUN,3,0,0
native,NOUN,3,0,0
laugh,VERB,3,0,0
owner,NOUN,3,0,0
leave,VERB,3,0,0
charge,VERB,3,0,0
throat,NOUN,3,0,0
ear,NOUN,3,0,0
hole,NOUN,3,0,0
far,ADV,3,1,0
bullet,NOUN,3,0,0
fall,VERB,3,0,0
fire,VERB,3,0,0
leg,NOUN,3,0,0
rise,VERB,3,0,0
Elephant,PROPN,2,0,1
author,NOUN,2,0,0
George,PROPN,2,0,1
Orwell,PROPN,2,0,1
Date,PROPN,2,0,1
first,ADV,2,1,0
February,PROPN,2,0,1
eBooks,PROPN,2,0,1
edition,NOUN,2,0,0
law,NOUN,2,0,0
sure,ADJ,2,0,0
may,AUX,2,1,0
under,ADP,2,1,0
term,NOUN,2,0,0
low,ADJ,2,0,0
hat,VERB,2,0,0
large,ADJ,2,0,0
enough,ADV,2,1,0
officer,NOUN,2,0,0
european,ADJ,2,0,0
feeling,NOUN,2,0,0
one,NOUN,2,1,0
gut,NOUN,2,0,0
bazaar,NOUN,2,0,0
alone,ADV,2,1,0
somebody,PRON,2,0,0
her,PRON,2,1,0
obvious,ADJ,2,0,0
Burman,PROPN,2,0,1
other,ADJ,2,1,0
yell,VERB,2,0,0
meet,VERB,2,0,0
priest,NOUN,2,0,0
bad,ADJ,2,0,0
several,ADJ,2,1,0
thousand,NOUN,2,0,0
anything,PRON,2,1,0
Europeans,PROPN,2,0,1
evil,ADJ,2,0,0
Empire,PROPN,2,0,1
these,DET,2,1,0
sense,NOUN,2,0,0
empire,NOUN,2,0,0
try,VERB,2,0,0
impossible,ADJ,2,0,0
part,NOUN,2,1,0
ask,VERB,2,0,0
off,ADP,2,1,0
real,ADJ,2,0,0
sub,NOUN,2,0,0
inspector,NOUN,2,0,0
ravage,VERB,2,0,0
pony,NOUN,2,0,0
start,VERB,2,0,0
small,ADJ,2,0,0
noise,NOUN,2,0,0
tame,ADJ,2,0,0
attack,NOUN,2,0,0
wrong,ADJ,2,0,0
direction,NOUN,2,0,0
hour,NOUN,2,0,0
burmese,ADJ,2,0,0
population,NOUN,2,0,0
quite,ADV,2,1,0
cow,NOUN,2,0,0
also,ADV,2,1,0
van,PROPN,2,0,1
wait,VERB,2,0,0
poor,ADJ,2,0,0
rain,NOUN,2,0,0
fail,VERB,2,0,0
definite,ADJ,2,0,0
case,NOUN,2,0,0
story,NOUN,2,0,0
become,VERB,2,1,0
instant,NOUN,2,0,0
round,ADV,2,0,0
naked,ADJ,2,0,0
more,ADJ,2,1,0
round,VERB,2,0,0
trunk,NOUN,2,0,0
back,NOUN,2,1,0
soft,ADJ,2,0,0
deep,ADJ,2,0,0
belly,NOUN,2,0,0
head,NOUN,2,0,0
wide,ADV,2,0,0
open,ADJ,2,0,0
devilish,ADJ,2,0,0
strip,VERB,2,0,0
house,NOUN,2,0,0
few,ADJ,2,1,0
cartridge,NOUN,2,0,0
arrive,VERB,2,0,0
paddy,NOUN,2,0,0
field,VERB,2,0,0
hundred,NUM,2,1,0
much,ADJ,2,1,0
myself,PRON,2,1,0
march,VERB,2,0,0
hill,NOUN,2,0,0
fool,NOUN,2,0,0
yet,ADV,2,1,0
first,ADJ,2,1,0
towards,ADP,2,1,0
bunch,NOUN,2,0,0
beat,VERB,2,0,0
huge,ADJ,2,0,0
piece,NOUN,2,0,0
possibly,ADV,2,0,0
avoid,VERB,2,0,0
until,ADP,2,1,0
home,ADV,2,0,0
face,VERB,2,0,0
happy,ADJ,2,0,0
should,AUX,2,1,0
after,ADV,2,1,0
forward,ADV,2,0,0
grasp,VERB,2,0,0
those,DET,2,1,0
behind,ADV,2,1,0
animal,NOUN,2,0,0
besides,ADV,2,1,0
pound,NOUN,2,0,0
same,ADJ,2,1,0
one,PRON,2,1,0
breathe,VERB,2,0,0
aim,VERB,2,0,0
without,ADP,2,1,0
knock,VERB,2,0,0
last,ADJ,2,1,0
sag,VERB,2,0,0
spot,NOUN,2,0,0
collapse,VERB,2,0,0
down,ADV,2,1,0
gasp,NOUN,2,0,0
breathing,NOUN,2,0,0
heart,NOUN,2,0,0
continue,VERB,2,0,0
dreadful,ADJ,2,0,0
powerless,ADJ,2,0,0
afterwards,ADV,2,1,0
legally,ADV,2,0,0
right,ADJ,2,0,0
damn,ADJ,2,0,0
Title,PROPN,1,0,1
no,NOUN,1,1,0
language,NOUN,1,0,0
English,PROPN,1,0,1
post,VERB,1,0,0
most,ADV,1,1,0
recently,ADV,1,0,0
update,VERB,1,0,0
produce,VERB,1,0,0
Colin,PROPN,1,0,1
Choat,PROPN,1,0,1
create,VERB,1,0,0
print,VERB,1,0,0
public,ADJ,1,0,0
domain,NOUN,1,0,0
unless,SCONJ,1,1,0
include,VERB,1,0,0
keep,VERB,1,1,0
compliance,NOUN,1,0,0
particular,ADJ,1,0,0
paper,NOUN,1,0,0
change,VERB,1,0,0
check,VERB,1,0,0
your,PRON,1,1,0
country,NOUN,1,0,0
download,VERB,1,0,0
redistribute,VERB,1,0,0
file,NOUN,1,0,0
available,ADJ,1,0,0
cost,NOUN,1,0,0
restriction,NOUN,1,0,0
whatsoever,ADV,1,0,0
copy,VERB,1,0,0
re,VERB,1,1,0
use,VERB,1,0,0
License,PROPN,1,0,1
view,VERB,1,0,0
online,ADV,1,0,0
contact,VERB,1,0,0
title,NOUN,1,0,0
Moulmein,PROPN,1,0,1
Burma,PROPN,1,0,1
number,NOUN,1,0,0
important,ADJ,1,0,0
sub,ADJ,1,0,0
divisional,ADJ,1,0,0
aimless,ADJ,1,0,0
petty,ADJ,1,0,0
kind,NOUN,1,0,0
anti,ADJ,1,0,0
bitter,ADJ,1,0,0
raise,VERB,1,0,0
riot,NOUN,1,0,0
through,ADP,1,1,0
probably,ADV,1,0,0
spit,VERB,1,0,0
betel,NOUN,1,0,0
juice,NOUN,1,0,0
dress,NOUN,1,0,0
target,NOUN,1,0,0
bait,VERB,1,0,0
whenever,SCONJ,1,1,0
nimble,ADJ,1,0,0
trip,VERB,1,0,0
football,NOUN,1,0,0
field,NOUN,1,0,0
referee,NOUN,1,0,0
hideous,ADJ,1,0,0
laughter,NOUN,1,0,0
once,ADV,1,1,0
sneer,VERB,1,0,0
everywhere,ADV,1,1,0
insult,NOUN,1,0,0
hoot,VERB,1,0,0
badly,ADV,1,0,0
nerve,NOUN,1,0,0
buddhist,ADJ,1,0,0
none,NOUN,1,1,0
except,SCONJ,1,1,0
street,NOUN,1,0,0
jeer,NOUN,1,0,0
perplexing,ADJ,1,0,0
upsetting,ADJ,1,0,0
chuck,VERB,1,0,0
well,ADV,1,0,0
theoretically,ADV,1,0,0
secretly,ADV,1,0,0
Burmese,PROPN,1,0,1
oppressor,NOUN,1,0,0
bitterly,ADV,1,0,0
perhaps,ADV,1,1,0
dirty,ADJ,1,0,0
work,NOUN,1,0,0
close,ADJ,1,0,0
wretched,ADJ,1,0,0
prisoner,NOUN,1,0,0
huddle,VERB,1,0,0
stink,VERB,1,0,0
cage,NOUN,1,0,0
lock,NOUN,1,0,0
up,NOUN,1,0,0
grey,NOUN,1,0,0
cow,VERB,1,0,0
convict,NOUN,1,0,0
scarred,ADJ,1,0,0
buttock,NOUN,1,0,0
bogge,VERB,1,0,0
oppress,VERB,1,0,0
intolerable,ADJ,1,0,0
guilt,NOUN,1,0,0
perspective,NOUN,1,0,0
ill,ADV,1,0,0
educate,VERB,1,0,0
problem,NOUN,1,0,0
utter,ADJ,1,0,0
silence,NOUN,1,0,0
impose,VERB,1,0,0
Englishman,PROPN,1,0,1
less,ADV,1,1,0
deal,NOUN,1,0,0
supplant,VERB,1,0,0
stick,VERB,1,0,0
between,ADP,1,1,0
hatred,NOUN,1,0,0
serve,VERB,1,0,0
rage,NOUN,1,0,0
spirited,ADJ,1,0,0
Raj,PROPN,1,0,1
unbreakable,ADJ,1,0,0
tyranny,NOUN,1,0,0
clamp,VERB,1,0,0
saecula,NOUN,1,0,0
saeculorum,NOUN,1,0,0
prostrate,ADJ,1,0,0
joy,NOUN,1,0,0
drive,VERB,1,0,0
bayonet,NOUN,1,0,0
Buddhist,PROPN,1,0,1
normal,ADJ,1,0,0
product,NOUN,1,0,0
anglo,ADJ,1,0,0
official,NOUN,1,0,0
duty,NOUN,1,0,0
day,NOUN,1,0,0
roundabout,ADJ,1,0,0
enlightening,ADJ,1,0,0
tiny,ADJ,1,0,0
incident,NOUN,1,0,0
itself,PRON,1,1,0
glimpse,NOUN,1,0,0
nature,NOUN,1,0,0
motif,NOUN,1,0,0
despotic,ADJ,1,0,0
government,NOUN,1,0,0
early,ADV,1,0,0
station,NOUN,1,0,0
ring,VERB,1,0,0
phone,NOUN,1,0,0
please,INTJ,1,1,0
Winchester,PROPN,1,0,1
much,ADV,1,1,0
useful,ADJ,1,0,0
terrorem,NOUN,1,0,0
various,ADJ,1,1,0
stop,VERB,1,0,0
doing,NOUN,1,0,0
wild,ADJ,1,0,0
chain,VERB,1,0,0
due,ADJ,1,1,0
previous,ADJ,1,0,0
night,NOUN,1,0,0
break,VERB,1,0,0
chain,NOUN,1,0,0
escape,VERB,1,0,0
person,NOUN,1,0,0
manage,VERB,1,0,0
state,NOUN,1,0,0
set,VERB,1,0,0
pursuit,NOUN,1,0,0
twelve,NUM,1,1,0
journey,VERB,1,0,0
reappear,VERB,1,0,0
weapon,NOUN,1,0,0
helpless,ADJ,1,0,0
raid,VERB,1,0,0
fruit,NOUN,1,0,0
stall,NOUN,1,0,0
devour,VERB,1,0,0
stock,NOUN,1,0,0
municipal,ADJ,1,0,0
rubbish,NOUN,1,0,0
driver,NOUN,1,0,0
jump,VERB,1,0,0
inflict,VERB,1,0,0
violence,NOUN,1,0,0
constable,NOUN,1,0,0
labyrinth,NOUN,1,0,0
squalid,ADJ,1,0,0
thatch,VERB,1,0,0
palmleaf,NOUN,1,0,0
wind,VERB,1,0,0
steep,ADJ,1,0,0
hillside,NOUN,1,0,0
remember,VERB,1,0,0
cloudy,ADJ,1,0,0
stuffy,ADJ,1,0,0
beginning,NOUN,1,0,0
begin,VERB,1,0,0
question,VERB,1,0,0
usual,ADJ,1,0,0
information,NOUN,1,0,0
invariably,ADV,1,0,0
sound,VERB,1,0,0
nearer,NOUN,1,0,0
scene,NOUN,1,0,0
event,NOUN,1,0,0
vaguer,NOUN,1,0,0
profess,VERB,1,0,0
pack,NOUN,1,0,0
lie,NOUN,1,0,0
loud,ADJ,1,0,0
scandalize,VERB,1,0,0
cry,NOUN,1,0,0
switch,NOUN,1,0,0
violently,ADV,1,0,0
shoo,VERB,1,0,0
away,ADP,1,0,0
click,VERB,1,0,0
tongue,NOUN,1,0,0
exclaim,VERB,1,0,0
evidently,ADV,1,0,0
sprawl,VERB,1,0,0
Indian,PROPN,1,0,1
black,ADJ,1,0,0
dravidian,ADJ,1,0,0
many,ADJ,1,1,0
grind,VERB,1,0,0
earth,NOUN,1,0,0
rainy,ADJ,1,0,0
season,NOUN,1,0,0
score,VERB,1,0,0
trench,NOUN,1,0,0
couple,NOUN,1,0,0
arm,NOUN,1,0,0
crucify,VERB,1,0,0
sharply,ADV,1,0,0
twist,VERB,1,0,0
coat,VERB,1,0,0
eye,NOUN,1,0,0
tooth,NOUN,1,0,0
bar,VERB,1,0,0
grin,VERB,1,0,0
expression,NOUN,1,0,0
unendurable,ADJ,1,0,0
peaceful,ADJ,1,0,0
most,ADJ,1,1,0
corps,NOUN,1,0,0
friction,NOUN,1,0,0
neatly,ADV,1,0,0
rabbit,NOUN,1,0,0
orderly,ADJ,1,0,0
friend,NOUN,1,0,0
nearby,ADV,1,0,0
borrow,VERB,1,0,0
elephant,ADJ,1,0,0
fright,ADJ,1,0,0
throw,VERB,1,0,0
smell,VERB,1,0,0
orderly,NOUN,1,0,0
meanwhile,ADV,1,1,0
below,ADV,1,1,0
forward,ADP,1,0,0
practically,ADV,1,0,0
flock,VERB,1,0,0
shout,VERB,1,0,0
excitedly,ADV,1,0,0
show,VERB,1,0,0
interest,NOUN,1,0,0
home,NOUN,1,0,0
different,ADJ,1,0,0
english,ADJ,1,0,0
besides,SCONJ,1,1,0
meat,NOUN,1,0,0
vaguely,ADV,1,0,0
uneasy,ADJ,1,0,0
intention,NOUN,1,0,0
defend,VERB,1,0,0
necessary,ADJ,1,0,0
unnerve,VERB,1,0,0
shoulder,NOUN,1,0,0
ever,ADV,1,1,0
army,NOUN,1,0,0
jostle,VERB,1,0,0
bottom,NOUN,1,1,0
metalled,ADJ,1,0,0
beyond,ADP,1,1,0
miry,ADJ,1,0,0
waste,NOUN,1,0,0
across,ADV,1,1,0
plough,VERB,1,0,0
soggy,ADJ,1,0,0
dot,VERB,1,0,0
coarse,ADJ,1,0,0
eight,NUM,1,1,0
left,ADJ,1,0,0
slight,ADJ,1,0,0
approach,NOUN,1,0,0
tear,VERB,1,0,0
clean,VERB,1,0,0
stuff,VERB,1,0,0
halt,VERB,1,0,0
perfect,ADJ,1,0,0
certainty,NOUN,1,0,0
serious,ADJ,1,1,0
matter,NOUN,1,0,0
work,VERB,1,0,0
comparable,ADJ,1,0,0
costly,ADJ,1,0,0
machinery,NOUN,1,0,0
obviously,ADV,1,0,0
peacefully,ADV,1,0,0
eat,VERB,1,0,0
no,ADV,1,1,0
dangerous,ADJ,1,0,0
pass,VERB,1,0,0
wander,VERB,1,0,0
harmlessly,ADV,1,0,0
moreover,ADV,1,1,0
decide,VERB,1,0,0
while,NOUN,1,1,0
savage,NOUN,1,0,0
glance,VERB,1,0,0
immense,ADJ,1,0,0
block,VERB,1,0,0
either,DET,1,1,0
sea,NOUN,1,0,0
above,ADP,1,1,0
garish,ADJ,1,0,0
clothe,NOUN,1,0,0
excited,ADJ,1,0,0
certain,ADJ,1,0,0
conjurer,NOUN,1,0,0
perform,VERB,1,0,0
trick,NOUN,1,0,0
like,VERB,1,0,0
magical,ADJ,1,0,0
momentarily,ADV,1,0,0
realize,VERB,1,0,0
expect,VERB,1,0,0
press,VERB,1,0,0
irresistibly,ADV,1,0,0
hollowness,NOUN,1,0,0
futility,NOUN,1,0,0
dominion,NOUN,1,0,0
here,ADV,1,1,0
gun,NOUN,1,0,0
unarmed,ADJ,1,0,0
native,ADJ,1,0,0
seemingly,ADV,1,0,0
lead,VERB,1,0,0
actor,NOUN,1,0,0
reality,NOUN,1,0,0
absurd,ADJ,1,0,0
puppet,NOUN,1,0,0
push,VERB,1,0,0
fro,VERB,1,0,0
perceive,VERB,1,0,0
tyrant,NOUN,1,0,0
freedom,NOUN,1,0,0
sort,NOUN,1,0,0
hollow,ADJ,1,0,0
pose,VERB,1,0,0
dummy,NOUN,1,0,0
conventionalize,VERB,1,0,0
figure,NOUN,1,0,0
condition,NOUN,1,0,0
rule,NOUN,1,0,0
shall,AUX,1,0,0
spend,VERB,1,0,0
impress,VERB,1,0,0
crisis,NOUN,1,0,0
expect,NOUN,1,0,0
wear,VERB,1,0,0
mask,NOUN,1,0,0
fit,VERB,1,0,0
commit,VERB,1,0,0
appear,VERB,1,0,0
resolute,ADJ,1,0,0
trail,VERB,1,0,0
feebly,ADV,1,0,0
have,VERB,1,0,0
no,INTJ,1,1,0
struggle,NOUN,1,0,0
preoccupy,VERB,1,0,0
grandmotherly,ADV,1,0,0
air,NOUN,1,0,0
murder,NOUN,1,0,0
age,NOUN,1,0,0
squeamish,ADJ,1,0,0
somehow,ADV,1,1,0
consider,VERB,1,0,0
alive,ADJ,1,0,0
value,NOUN,1,0,0
tusk,NOUN,1,0,0
quickly,ADV,1,0,0
experience,VERB,1,0,0
how,SCONJ,1,1,0
behave,VERB,1,0,0
close,ADV,1,0,0
perfectly,ADV,1,0,0
walk,VERB,1,0,0
within,ADP,1,1,0
say,INTJ,1,1,0
twenty,NUM,1,1,0
test,VERB,1,0,0
behavior,NOUN,1,0,0
such,ADJ,1,1,0
sink,VERB,1,0,0
step,NOUN,1,0,0
miss,VERB,1,0,0
chance,NOUN,1,0,0
toad,NOUN,1,0,0
steam,NOUN,1,0,0
roller,NOUN,1,0,0
particularly,ADV,1,0,0
watchful,ADJ,1,0,0
afraid,ADJ,1,0,0
ordinary,ADJ,1,0,0
alone,ADJ,1,1,0
frighten,VERB,1,0,0
general,ADJ,1,0,0
frightened,ADJ,1,0,0
sole,ADJ,1,0,0
thought,NOUN,1,0,0
pursue,VERB,1,0,0
trample,VERB,1,0,0
reduce,VERB,1,0,0
grinning,NOUN,1,0,0
corpse,NOUN,1,0,0
probable,ADJ,1,0,0
alternative,NOUN,1,0,0
shove,VERB,1,0,0
magazine,NOUN,1,0,0
aim,NOUN,1,0,0
sigh,NOUN,1,0,0
theatre,NOUN,1,0,0
curtain,NOUN,1,0,0
last,ADV,1,1,0
innumerable,ADJ,1,0,0
beautiful,ADJ,1,0,0
german,ADJ,1,0,0
cross,ADJ,1,0,0
hair,ADJ,1,0,0
sight,NOUN,1,0,0
cut,VERB,1,0,0
imaginary,ADJ,1,0,0
bar,NOUN,1,0,0
run,VERB,1,0,0
therefore,ADV,1,1,0
sideways,ADV,1,0,0
on,ADV,1,1,0
straight,ADJ,1,0,0
actually,ADV,1,0,0
inch,NOUN,1,0,0
brain,NOUN,1,0,0
pull,VERB,1,0,0
trigger,NOUN,1,0,0
bang,NOUN,1,0,0
kick,NOUN,1,0,0
roar,NOUN,1,0,0
glee,PROPN,1,0,1
short,ADJ,1,0,0
mysterious,ADJ,1,0,0
terrible,ADJ,1,0,0
change,NOUN,1,0,0
neither,CCONJ,1,1,0
stir,VERB,1,0,0
nor,CCONJ,1,1,0
line,NOUN,1,0,0
alter,VERB,1,0,0
stricken,VERB,1,0,0
shrunken,ADJ,1,0,0
immensely,ADV,1,0,0
though,SCONJ,1,1,0
frighfful,ADJ,1,0,0
impact,NOUN,1,0,0
paralyse,VERB,1,0,0
second,NOUN,1,0,0
dare,VERB,1,0,0
flabbily,ADV,1,0,0
slobber,VERB,1,0,0
enormous,ADJ,1,0,0
senility,NOUN,1,0,0
settle,VERB,1,0,0
imagine,VERB,1,0,0
year,NOUN,1,0,0
second,ADJ,1,0,0
climb,VERB,1,0,0
desperate,ADJ,1,0,0
slowness,NOUN,1,0,0
weakly,ADJ,1,0,0
upright,ADJ,1,0,0
droop,VERB,1,0,0
third,ADJ,1,1,0
jolt,VERB,1,0,0
remnant,NOUN,1,0,0
strength,NOUN,1,0,0
hind,NOUN,1,0,0
beneath,ADP,1,0,0
tower,VERB,1,0,0
upward,ADV,1,0,0
rock,NOUN,1,0,0
toppling,NOUN,1,0,0
reach,VERB,1,0,0
skyward,ADV,1,0,0
tree,NOUN,1,0,0
trumpet,VERB,1,0,0
crash,NOUN,1,0,0
shake,VERB,1,0,0
lay,VERB,1,0,0
race,VERB,1,0,0
past,ADP,1,0,0
across,ADP,1,1,0
rhythmically,ADV,1,0,0
rattle,VERB,1,0,0
mound,NOUN,1,0,0
painfully,ADV,1,0,0
cavern,NOUN,1,0,0
pale,ADJ,1,0,0
pink,ADJ,1,0,0
weaken,VERB,1,0,0
finally,ADV,1,0,0
remain,VERB,1,0,0
thick,ADJ,1,0,0
blood,NOUN,1,0,0
well,VERB,1,0,0
red,ADJ,1,0,0
velvet,NOUN,1,0,0
jerk,VERB,1,0,0
hit,VERB,1,0,0
torture,VERB,1,0,0
pause,NOUN,1,0,0
slowly,ADV,1,0,0
remote,ADJ,1,0,0
damage,VERB,1,0,0
move,VERB,1,1,0
able,ADJ,1,0,0
finish,VERB,1,0,0
pour,VERB,1,0,0
impression,NOUN,1,0,0
tortured,ADJ,1,0,0
steadily,ADV,1,0,0
ticking,NOUN,1,0,0
clock,NOUN,1,0,0
any,ADV,1,1,0
long,ADV,1,0,0
later,ADV,1,0,0
half,DET,1,0,0
bring,VERB,1,0,0
dah,NOUN,1,0,0
basket,NOUN,1,0,0
bone,NOUN,1,0,0
afternoon,NOUN,1,0,0
endless,ADJ,1,0,0
discussion,NOUN,1,0,0
shooting,NOUN,1,0,0
furious,ADJ,1,0,0
dog,NOUN,1,0,0
control,VERB,1,0,0
among,ADP,1,1,0
opinion,NOUN,1,0,0
divide,VERB,1,0,0
shame,NOUN,1,0,0
because,SCONJ,1,1,0
Coringhee,PROPN,1,0,1
glad,ADJ,1,0,0
right,NOUN,1,0,0
sufficient,ADJ,1,0,0
pretext,NOUN,1,0,0
often,ADV,1,1,0
wonder,VERB,1,0,0
whether,SCONJ,1,1,0
other,NOUN,1,1,0
solely,ADV,1,0,0
END,PROPN,1,0,1
